{
  "toolscriptVersion": "1.0.0",
  "version": "43.0.9",
  "pageUuid": "17627cb6-a417-11f0-9dd4-83550e363911",
  "appTemplate": {
    "mobileAppSettings": {
      "object": {
        "displaySetting": {
          "object": {
            "landscapeMode": false,
            "tabletMode": false
          }
        },
        "mobileOfflineModeBannerMode": "default",
        "mobileOfflineModeDelaySync": false,
        "mobileOfflineModeEnabled": false,
        "mobileMultiscreenV2Enabled": true,
        "layoutVersion": 0
      }
    },
    "appMaxWidth": "1200px",
    "pageCodeFolders": {
      "object": {
        "noNewLine": {
          "array": []
        },
        "withNewLine": {
          "array": []
        },
        "withNewLine2": {
          "array": []
        },
        "only3Options": {
          "array": []
        },
        "only3Options2": {
          "array": []
        },
        "moreOptionsNoNewLine": {
          "array": []
        },
        "moreOptionsNoNewLine2": {
          "array": []
        },
        "moreOptionsWithNewLine": {
          "array": []
        },
        "nine": {
          "array": []
        },
        "nine2": {
          "array": []
        },
        "eight": {
          "array": []
        },
        "eight2": {
          "array": []
        },
        "seven": {
          "array": []
        },
        "seven2": {
          "array": []
        },
        "eleven": {
          "array": []
        },
        "ten": {
          "array": []
        },
        "tenNoNewLine": {
          "array": []
        },
        "tenNoNewLine2": {
          "array": []
        },
        "elevenNoNewLine": {
          "array": []
        },
        "tenMultiselect": {
          "array": []
        },
        "elevenMultiselect": {
          "array": []
        }
      }
    },
    "rootScreen": "tabscreen",
    "isMobileApp": true,
    "version": "3.284.0",
    "multiScreenMobileApp": true,
    "experimentalDataTabEnabled": true
  }
}
