{
  "button1": {
    "row": 1.6,
    "height": 1,
    "width": 2
  },
  "button2": {
    "row": 3.6,
    "height": 1,
    "width": 2
  },
  "iFrame1": {
    "row": 13.2,
    "col": 8,
    "height": 10,
    "width": 4
  },
  "numberInput1": {
    "row": 7.6,
    "col": 1,
    "height": 0.2,
    "width": 2
  },
  "table1": {
    "row": 2.4,
    "col": 3,
    "height": 8,
    "width": 8
  },
  "table2": {
    "row": 11.4,
    "height": 8,
    "width": 8
  },
  "text1": {
    "height": 0.6
  },
  "text2": {
    "row": 6,
    "col": 1,
    "height": 0.6,
    "width": 2
  }
}
