{
  "button1": {
    "row": 5,
    "height": 1,
    "width": 2
  },
  "button2": {
    "row": 7,
    "height": 1,
    "width": 2
  },
  "button3": {
    "row": 6,
    "height": 1,
    "width": 2
  },
  "button4": {
    "row": 4,
    "height": 1,
    "width": 2
  },
  "iFrame1": {
    "row": 11.4,
    "col": 8,
    "height": 10,
    "width": 4
  },
  "navbarHeaderModule1": {
    "row": 1,
    "height": 2.4,
    "width": 12
  },
  "numberInput1": {
    "row": 8.6,
    "col": 1,
    "height": 0.2,
    "width": 2
  },
  "table1": {
    "row": 3.4,
    "col": 3,
    "height": 8,
    "width": 8
  },
  "table2": {
    "row": 11.4,
    "height": 8,
    "width": 8
  },
  "text1": {
    "row": 3.4,
    "height": 0.6
  },
  "text2": {
    "row": 8,
    "col": 1,
    "height": 0.6,
    "width": 2
  },
  "text3": {
    "row": 0.2,
    "height": 0.6
  }
}
